cohort_month,Cohort Size,0,1,2,3,4,5,6,7,8,9,10,11,12,13,14,15,16,17,18,19,20,21,22,23,24,25,26,27,28,29
2024-01,1.0,1.0,,,,,,1.0,,,1.0,,,,1.0,1.0,,,1.0,1.0,,,,1.0,,,,1.0,1.0,,1.0
2024-03,1.0,1.0,,,,,,1.0,,,,1.0,1.0,,1.0,1.0,,,,1.0,1.0,,,,,1.0,,,,,
2024-04,2.0,1.0,,,,0.5,0.5,0.5,0.5,,,0.5,0.5,0.5,0.5,0.5,0.5,1.0,,0.5,0.5,,0.5,0.5,0.5,,,,0.5,,
2024-07,10.0,1.0,0.3,0.4,0.2,0.4,0.4,0.3,0.5,0.4,0.3,0.2,0.4,0.2,0.2,0.5,0.2,0.4,0.3,0.4,0.3,0.3,0.3,0.5,0.4,0.5,,,,,
2024-08,33.0,1.0,0.3333333333333333,0.36363636363636365,0.3333333333333333,0.3939393939393939,0.24242424242424243,0.36363636363636365,0.30303030303030304,0.30303030303030304,0.36363636363636365,0.30303030303030304,0.2727272727272727,0.45454545454545453,0.36363636363636365,0.42424242424242425,0.2727272727272727,0.36363636363636365,0.15151515151515152,0.3333333333333333,0.45454545454545453,0.45454545454545453,0.3939393939393939,0.3939393939393939,0.3333333333333333,,0.030303030303030304,0.030303030303030304,,0.030303030303030304,
2024-09,17.0,1.0,0.29411764705882354,0.17647058823529413,0.35294117647058826,0.35294117647058826,0.47058823529411764,0.17647058823529413,0.35294117647058826,0.35294117647058826,0.29411764705882354,0.29411764705882354,0.11764705882352941,0.35294117647058826,0.23529411764705882,0.35294117647058826,0.4117647058823529,0.4117647058823529,0.29411764705882354,0.17647058823529413,0.47058823529411764,0.4117647058823529,0.5882352941176471,0.11764705882352941,,,,0.058823529411764705,0.058823529411764705,,
2024-10,8.0,1.0,0.75,0.125,0.25,0.25,0.125,0.5,0.375,0.375,0.375,0.5,0.25,0.25,0.5,0.5,0.375,0.25,0.625,0.625,0.25,0.125,0.125,,,,,,,,
2024-11,9.0,1.0,0.3333333333333333,0.4444444444444444,0.4444444444444444,0.3333333333333333,0.3333333333333333,0.4444444444444444,0.5555555555555556,0.4444444444444444,0.4444444444444444,0.3333333333333333,0.4444444444444444,0.4444444444444444,,0.5555555555555556,0.5555555555555556,0.4444444444444444,0.4444444444444444,0.4444444444444444,0.3333333333333333,0.2222222222222222,,,,,0.1111111111111111,,,,
2024-12,1.0,1.0,1.0,,1.0,,1.0,1.0,,1.0,,1.0,1.0,,,,,,,1.0,,,,,,,,,,,
2025-01,2.0,1.0,,0.5,0.5,,1.0,0.5,0.5,0.5,1.0,,0.5,0.5,,,0.5,,1.0,0.5,,,,,,,,,,,
2025-03,2.0,1.0,0.5,0.5,,1.0,1.0,1.0,,,,1.0,,0.5,0.5,1.0,,0.5,,,,,,,,,,,,,
2025-06,1.0,1.0,,,1.0,1.0,1.0,,,,1.0,,,1.0,1.0,,,,,,,,,,,,,,,,
