customer_id,recency,frequency,monetary,customer_name,customer_email,customer_age,r_score,f_score,m_score,segment
CUST-1000,4,11,7516.15,Michael Thomas,michael.thomas@example.com,31.181818181818183,4,4,3,VIP / Champion
CUST-1001,377,12,9830.98,George Anderson,george.anderson@example.com,43.333333333333336,1,4,4,Loyal (At Risk)
CUST-1002,143,11,5399.0,Ian Garcia,ian.garcia@example.com,38.72727272727273,4,4,1,VIP / Champion
CUST-1003,197,10,7442.78,Kevin Doe,kevin.doe@example.com,52.2,2,4,3,Loyal (At Risk)
CUST-1004,207,11,7166.16,Ian Davis,ian.davis@example.com,32.27272727272727,2,4,3,Loyal (At Risk)
CUST-1005,162,11,8963.11,Michael Anderson,michael.anderson@example.com,43.18181818181818,3,4,4,VIP / Champion
CUST-1006,182,11,8369.8,Diana Anderson,diana.anderson@example.com,28.636363636363637,2,4,4,Loyal (At Risk)
CUST-1007,173,12,7265.76,Julia Johnson,julia.johnson@example.com,32.583333333333336,3,4,3,VIP / Champion
CUST-1008,206,11,4877.14,Ian Rodriguez,ian.rodriguez@example.com,46.0,2,4,1,Loyal (At Risk)
CUST-1009,2,11,7623.79,Sarah Wilson,sarah.wilson@example.com,42.54545454545455,4,4,3,VIP / Champion
CUST-1010,201,11,7036.01,Kevin Taylor,kevin.taylor@example.com,39.27272727272727,2,4,2,Loyal (At Risk)
CUST-1011,145,12,7995.93,Jane Thomas,jane.thomas@example.com,45.416666666666664,4,4,4,VIP / Champion
CUST-1012,141,12,6622.76,Ethan Anderson,ethan.anderson@example.com,49.5,4,4,2,VIP / Champion
CUST-1013,195,11,5582.25,Hannah Thomas,hannah.thomas@example.com,29.636363636363637,2,4,1,Loyal (At Risk)
CUST-1014,219,12,8611.81,Julia Taylor,julia.taylor@example.com,34.0,2,4,4,Loyal (At Risk)
CUST-1015,156,11,8235.36,Kevin Brown,kevin.brown@example.com,34.09090909090909,3,4,4,VIP / Champion
CUST-1016,144,11,13281.26,Charlie Garcia,charlie.garcia@example.com,38.09090909090909,4,4,4,VIP / Champion
CUST-1017,170,11,7741.2699999999995,Hannah Johnson,hannah.johnson@example.com,46.81818181818182,3,4,3,VIP / Champion
CUST-1018,155,11,8099.02,Ian Taylor,ian.taylor@example.com,44.0,3,4,4,VIP / Champion
CUST-1019,192,11,7836.85,Sarah Johnson,sarah.johnson@example.com,38.72727272727273,2,4,3,Loyal (At Risk)
CUST-1020,159,12,5994.42,Ian Thomas,ian.thomas@example.com,35.5,3,4,2,VIP / Champion
CUST-1021,242,11,6691.86,Charlie Anderson,charlie.anderson@example.com,40.09090909090909,1,4,2,Loyal (At Risk)
CUST-1022,276,12,7130.04,Charlie Moore,charlie.moore@example.com,29.833333333333332,1,4,3,Loyal (At Risk)
CUST-1023,139,10,5883.12,Jane Thomas,jane.thomas@example.com,39.0,4,4,2,VIP / Champion
CUST-1024,164,11,5391.83,Charlie Brown,charlie.brown@example.com,47.09090909090909,3,4,1,VIP / Champion
CUST-1025,166,12,12229.56,Kevin Martin,kevin.martin@example.com,40.75,3,4,4,VIP / Champion
CUST-1026,168,11,8034.58,Fiona Rodriguez,fiona.rodriguez@example.com,43.63636363636363,3,4,4,VIP / Champion
CUST-1027,174,11,5639.9800000000005,Fiona Martin,fiona.martin@example.com,49.0,3,4,1,VIP / Champion
CUST-1028,179,11,8772.83,George Taylor,george.taylor@example.com,44.81818181818182,3,4,4,VIP / Champion
CUST-1029,248,12,13131.77,John Rodriguez,john.rodriguez@example.com,41.416666666666664,1,4,4,Loyal (At Risk)
CUST-1030,245,11,7207.24,George Miller,george.miller@example.com,34.90909090909091,1,4,3,Loyal (At Risk)
CUST-1031,180,11,8153.17,Hannah Smith,hannah.smith@example.com,43.90909090909091,2,4,4,Loyal (At Risk)
CUST-1032,240,11,5663.91,Ian Rodriguez,ian.rodriguez@example.com,38.45454545454545,1,4,1,Loyal (At Risk)
CUST-1033,142,11,6405.72,Fiona Thomas,fiona.thomas@example.com,33.36363636363637,4,4,2,VIP / Champion
CUST-1034,149,12,6613.25,Diana Johnson,diana.johnson@example.com,46.583333333333336,4,4,2,VIP / Champion
CUST-1035,250,12,5085.29,Hannah Martinez,hannah.martinez@example.com,47.416666666666664,1,4,1,Loyal (At Risk)
CUST-1036,201,11,7422.61,Ethan Taylor,ethan.taylor@example.com,37.63636363636363,2,4,3,Loyal (At Risk)
CUST-1037,176,12,6654.42,Sarah Anderson,sarah.anderson@example.com,52.5,3,4,2,VIP / Champion
CUST-1038,178,11,10969.7,Alice Thomas,alice.thomas@example.com,38.0,3,4,4,VIP / Champion
CUST-1039,183,11,7221.58,Bob Hernandez,bob.hernandez@example.com,38.63636363636363,2,4,3,Loyal (At Risk)
CUST-1040,140,10,4310.7,Alice Rodriguez,alice.rodriguez@example.com,43.8,4,4,1,VIP / Champion
CUST-1041,211,12,12107.699999999999,Fiona Doe,fiona.doe@example.com,55.083333333333336,2,4,4,Loyal (At Risk)
CUST-1042,243,12,6842.07,Ethan Anderson,ethan.anderson@example.com,41.166666666666664,1,4,2,Loyal (At Risk)
CUST-1043,187,11,5695.43,Sarah Martin,sarah.martin@example.com,39.45454545454545,2,4,1,Loyal (At Risk)
CUST-1044,202,11,7721.48,George Davis,george.davis@example.com,42.90909090909091,2,4,3,Loyal (At Risk)
CUST-1045,236,10,5627.51,Alice Brown,alice.brown@example.com,48.2,1,4,1,Loyal (At Risk)
CUST-1046,157,10,5303.61,Hannah Thomas,hannah.thomas@example.com,47.0,3,4,1,VIP / Champion
CUST-1047,186,11,6813.65,Ethan Miller,ethan.miller@example.com,39.36363636363637,2,4,2,Loyal (At Risk)
CUST-1048,157,11,7339.86,Sarah Thomas,sarah.thomas@example.com,39.90909090909091,3,4,3,VIP / Champion
CUST-1049,93,11,7230.31,Ethan Anderson,ethan.anderson@example.com,36.72727272727273,4,4,3,VIP / Champion
CUST-1050,153,11,9035.86,Laura Garcia,laura.garcia@example.com,50.36363636363637,4,4,4,VIP / Champion
CUST-1051,146,10,5634.83,Kevin Martinez,kevin.martinez@example.com,49.3,4,4,1,VIP / Champion
CUST-1052,143,10,4468.38,Charlie Miller,charlie.miller@example.com,34.8,4,4,1,VIP / Champion
CUST-1053,142,10,4953.3099999999995,Alice Martinez,alice.martinez@example.com,33.2,4,4,1,VIP / Champion
CUST-1054,314,11,7855.4,Ian Moore,ian.moore@example.com,40.0,1,4,3,Loyal (At Risk)
CUST-1055,182,10,7571.68,Diana Moore,diana.moore@example.com,42.5,2,4,3,Loyal (At Risk)
CUST-1056,347,10,8596.65,Kevin Doe,kevin.doe@example.com,37.0,1,4,4,Loyal (At Risk)
CUST-1057,166,10,6493.639999999999,Alice Martin,alice.martin@example.com,41.5,3,4,2,VIP / Champion
CUST-1058,0,11,7335.03,Ethan Martin,ethan.martin@example.com,37.81818181818182,4,4,3,VIP / Champion
CUST-1059,182,10,3291.4,Ian Anderson,ian.anderson@example.com,32.3,2,4,1,Loyal (At Risk)
CUST-1060,285,11,6447.18,Fiona Anderson,fiona.anderson@example.com,37.36363636363637,1,4,2,Loyal (At Risk)
CUST-1061,172,11,7522.33,Sarah Martinez,sarah.martinez@example.com,36.27272727272727,3,4,3,VIP / Champion
CUST-1062,147,11,7991.17,Fiona Brown,fiona.brown@example.com,39.27272727272727,4,4,4,VIP / Champion
CUST-1063,262,11,6986.39,Hannah Miller,hannah.miller@example.com,43.72727272727273,1,4,2,Loyal (At Risk)
CUST-1064,214,10,6927.9,Fiona Wilson,fiona.wilson@example.com,40.7,2,4,2,Loyal (At Risk)
CUST-1065,232,10,5980.0599999999995,Ethan Doe,ethan.doe@example.com,40.9,1,4,2,Loyal (At Risk)
CUST-1066,190,10,7279.9,George Martin,george.martin@example.com,43.3,2,4,3,Loyal (At Risk)
CUST-1067,390,11,12336.33,George Moore,george.moore@example.com,29.818181818181817,1,4,4,Loyal (At Risk)
CUST-1068,332,11,7976.570000000001,Kevin Thomas,kevin.thomas@example.com,46.18181818181818,1,4,3,Loyal (At Risk)
CUST-1069,185,10,6827.2,Alice Martinez,alice.martinez@example.com,32.7,2,4,2,Loyal (At Risk)
CUST-1070,264,10,8216.52,George Hernandez,george.hernandez@example.com,39.0,1,4,4,Loyal (At Risk)
CUST-1071,141,11,8233.460000000001,Hannah Hernandez,hannah.hernandez@example.com,44.09090909090909,4,4,4,VIP / Champion
CUST-1072,279,10,6452.25,Ian Smith,ian.smith@example.com,40.8,1,4,2,Loyal (At Risk)
CUST-1073,222,10,7097.4,Diana Moore,diana.moore@example.com,33.7,2,4,3,Loyal (At Risk)
CUST-1074,153,10,5289.93,Julia Martin,julia.martin@example.com,37.2,4,4,1,VIP / Champion
CUST-1075,63,11,4275.22,Laura Martin,laura.martin@example.com,43.45454545454545,4,4,1,VIP / Champion
CUST-1076,167,10,7026.23,Ian Davis,ian.davis@example.com,44.5,3,4,2,VIP / Champion
CUST-1077,226,11,11154.11,Kevin Thomas,kevin.thomas@example.com,54.18181818181818,1,4,4,Loyal (At Risk)
CUST-1078,230,10,6115.29,Ethan Martinez,ethan.martinez@example.com,40.5,1,4,2,Loyal (At Risk)
CUST-1079,222,11,6360.81,Laura Martinez,laura.martinez@example.com,37.54545454545455,2,4,2,Loyal (At Risk)
CUST-1080,140,9,2895.39,Hannah Hernandez,hannah.hernandez@example.com,36.111111111111114,4,4,1,VIP / Champion
CUST-1081,164,11,5145.1,Ethan Wilson,ethan.wilson@example.com,52.0,3,4,1,VIP / Champion
CUST-1082,155,11,6528.98,Sarah Martinez,sarah.martinez@example.com,34.36363636363637,3,4,2,VIP / Champion
CUST-1083,169,11,7082.88,Michael Thomas,michael.thomas@example.com,45.54545454545455,3,4,2,VIP / Champion
CUST-1084,278,11,4665.01,John Doe,john.doe@example.com,47.81818181818182,1,4,1,Loyal (At Risk)
CUST-1085,139,11,5007.43,Kevin Johnson,kevin.johnson@example.com,33.63636363636363,4,4,1,VIP / Champion
CUST-1086,144,11,5842.53,Laura Martin,laura.martin@example.com,48.81818181818182,4,4,1,VIP / Champion
